{
    "accuracy": 0.9330512152777778,
    "ok": 0.9952256944444444,
    "loss": 0.22773500409150277
}