{
    "accuracy": 0.01323585626911315,
    "ok": 0.15438308930281408,
    "loss": 14.197532955821663
}