{
    "accuracy": 0.05309690946158837,
    "loss": -255423.20215606948
}