{
    "accuracy": 0.013238269545608996,
    "ok": 0.15438550257930994,
    "loss": 14.197494343353542
}